request_id,op,filename,bytes,rounds,forfeited_bytes,arrival_ns,start_ns,finish_ns
1,PUT,large.txt,153613,1,0,975061156834,975061262658,975061721415
2,PUT,medium.txt,30774,1,0,975062233636,975062314421,975062713845
3,PUT,small.txt,1044,1,0,975063073575,975063145231,975063400786
6,GET,medium.txt,30774,1,0,975064610156,975064627428,975066662366
7,GET,large.txt,153613,1,0,975064664817,975064718596,975066777523
9,PUT,medium.txt,30774,1,0,975068178781,975068232698,975068605786
8,GET,medium.txt,30774,1,0,975068138224,975068204154,975069676230
12,PUT,medium.txt,30774,1,0,975068339886,975068627189,975070028236
4,GET,medium.txt,30774,1,0,975064083414,975064168347,975070118565
10,PUT,large.txt,153613,1,0,975068199964,975069689441,975070634394
5,GET,large.txt,153613,1,0,975064573556,975064691801,975070742191
11,PUT,large.txt,153613,1,0,975068318667,975070044162,975071647779
13,PUT,large.txt,153613,1,0,975068343599,975070176294,975072118476
20,GET,small.txt,1044,1,0,975071721179,975072184236,975072541032
14,PUT,large.txt,153613,1,0,975069006777,975070652498,975072892909
18,GET,medium.txt,30774,1,0,975070902133,975071690598,975073218426
21,GET,medium.txt,30774,1,0,975072294274,975072554354,975073947482
19,PUT,large.txt,153613,1,0,975071165472,975073954281,975074572895
15,GET,large.txt,153613,1,0,975069951146,975070761978,975075885518
25,GET,small.txt,1044,1,0,975074739722,975075916582,975076082468
26,PUT,medium.txt,30774,1,0,975076036667,975076093324,975076306596
27,PUT,medium.txt,30774,1,0,975076200382,975076322390,975076556220
16,GET,large.txt,153613,1,0,975070178085,975072907496,975076791662
28,PUT,medium.txt,30774,1,0,975076462479,975076565954,975076819356
30,GET,small.txt,1044,1,0,975076726471,975076802642,975076906555
31,GET,small.txt,1044,1,0,975076900925,975076914464,975077130348
22,PUT,large.txt,153613,1,0,975072778607,975076828629,975077375490
32,PUT,small.txt,1044,1,0,975076995030,975077149705,975077626244
35,PUT,small.txt,1044,1,0,975077555859,975077634713,975077873428
17,GET,large.txt,153613,1,0,975070309684,975073227739,975078032439
24,GET,medium.txt,30774,1,0,975074180199,975074585473,975078225413
33,GET,medium.txt,30774,1,0,975077230560,975077421164,975078376769
23,PUT,large.txt,153613,1,0,975073098411,975078064143,975078633983
40,GET,small.txt,1044,1,0,975078615608,975078656231,975078868420
29,PUT,large.txt,153613,1,0,975076477507,975078258747,975078918387
36,GET,medium.txt,30774,1,0,975077710629,975077889862,975079312071
38,PUT,large.txt,153613,1,0,975078185980,975078928599,975079381244
41,GET,small.txt,1044,1,0,975079011511,975079318215,975079466853
39,PUT,large.txt,153613,1,0,975078428059,975079418227,975079787796
42,PUT,large.txt,153613,1,0,975079188130,975079477959,975080175111
44,PUT,small.txt,1044,1,0,975079680817,975079796584,975080331628
34,GET,large.txt,153613,1,0,975077536033,975078382816,975080698622
46,PUT,medium.txt,30774,1,0,975080217358,975080715178,975081254777
49,GET,medium.txt,30774,1,0,975080353703,975081267123,975082387192
47,PUT,large.txt,153613,1,0,975080268794,975082400220,975083274529
37,GET,large.txt,153613,1,0,975077877954,975078878119,975083437055
43,GET,medium.txt,30774,1,0,975079501624,975080192035,975083593116
45,GET,medium.txt,30774,1,0,975079698650,975080347345,975083832264
48,PUT,large.txt,153613,1,0,975080283130,975083287098,975084115751
56,GET,small.txt,1044,1,0,975083965824,975084124891,975084403782
50,PUT,large.txt,153613,1,0,975081485184,975083494112,975084488963
51,PUT,medium.txt,30774,1,0,975083585140,975083605430,975084595605
55,PUT,medium.txt,30774,1,0,975083815103,975084500463,975084697706
53,PUT,medium.txt,30774,1,0,975083621772,975083871006,975084907137
52,PUT,large.txt,153613,1,0,975083604639,975084705756,975085232768
57,PUT,small.txt,1044,1,0,975084381574,975084417151,975085327672
58,GET,medium.txt,30774,1,0,975084544900,975084606367,975085332758
59,PUT,small.txt,1044,1,0,975084753621,975084918010,975085470574
62,PUT,medium.txt,30774,1,0,975085045013,975085342891,975085496492
54,PUT,large.txt,153613,1,0,975083811677,975085361217,975086007753
63,PUT,large.txt,153613,1,0,975085487698,975085505812,975086370041
61,GET,large.txt,153613,1,0,975084894353,975085479486,975086532359
64,GET,medium.txt,30774,1,0,975085517753,975086019249,975087040036
68,PUT,small.txt,1044,1,0,975086371305,975086511978,975087066007
67,PUT,medium.txt,30774,1,0,975086202323,975087077782,975087214376
60,GET,medium.txt,30774,1,0,975084884206,975085242956,975087397273
66,GET,medium.txt,30774,1,0,975085695548,975087050184,975087973337
69,PUT,large.txt,153613,1,0,975086530540,975087444176,975088642209
72,PUT,small.txt,1044,1,0,975088258825,975088656348,975088797198
74,GET,small.txt,1044,1,0,975088310684,975088806287,975089017883
73,PUT,medium.txt,30774,1,0,975088283874,975089066472,975089305558
76,PUT,small.txt,1044,1,0,975089317853,975089322160,975089437365
70,GET,medium.txt,30774,1,0,975087215127,975087222978,975089797752
65,GET,medium.txt,30774,1,0,975085536124,975086565394,975090549416
71,GET,large.txt,153613,1,0,975087832906,975087995143,975090735208
78,PUT,large.txt,153613,1,0,975089422294,975090588395,975091479409
79,GET,medium.txt,30774,1,0,975090766526,975090775407,975091680290
81,PUT,large.txt,153613,1,0,975091894866,975091916207,975092644751
83,PUT,medium.txt,30774,1,0,975092159634,975092659756,975093038656
77,GET,medium.txt,30774,1,0,975089341238,975089445479,975093272870
75,GET,large.txt,153613,1,0,975089285266,975089834168,975093287289
80,GET,large.txt,153613,1,0,975091062763,975091493368,975093872020
82,PUT,large.txt,153613,1,0,975092030640,975093292627,975094848708
86,PUT,medium.txt,30774,1,0,975092886119,975093281606,975095293368
89,PUT,small.txt,1044,1,0,975093596064,975093936609,975095591002
90,PUT,small.txt,1044,1,0,975094780756,975094862237,975095632773
88,PUT,medium.txt,30774,1,0,975093577470,975095306059,975095718834
84,PUT,large.txt,153613,1,0,975092331013,975095650327,975096443779
87,PUT,large.txt,153613,1,0,975093026653,975095728538,975096770352
93,PUT,medium.txt,30774,1,0,975095774311,975096456504,975096935188
96,PUT,small.txt,1044,1,0,975096675512,975096784673,975096992284
92,GET,medium.txt,30774,1,0,975095557887,975095602584,975097387281
85,GET,medium.txt,30774,1,0,975092424936,975093059017,975097448874
98,PUT,medium.txt,30774,1,0,975097287103,975097432427,975097679805
95,GET,medium.txt,30774,1,0,975096055971,975096946495,975097874135
100,GET,small.txt,1044,1,0,975097647745,975097689936,975097880843
91,GET,large.txt,153613,1,0,975095356301,975097003500,975097996576
94,PUT,large.txt,153613,1,0,975096037634,975097493467,975098001395
101,GET,small.txt,1044,1,0,975097654654,975097890405,975098018186
102,PUT,small.txt,1044,1,0,975097890603,975097901191,975098558226
99,PUT,large.txt,153613,1,0,975097301015,975098026512,975098579469
103,PUT,small.txt,1044,1,0,975098040414,975098227812,975098866330
107,PUT,small.txt,1044,1,0,975098659962,975098874906,975099119886
109,PUT,small.txt,1044,1,0,975098839018,975099136633,975099307483
111,PUT,small.txt,1044,1,0,975099148031,975099318301,975099541211
104,GET,medium.txt,30774,1,0,975098228314,975098629649,975099627568
112,GET,small.txt,1044,1,0,975099449499,975099571591,975099794563
114,GET,small.txt,1044,1,0,975099800079,975099820634,975100079905
105,GET,large.txt,153613,1,0,975098245396,975098595865,975100628602
97,GET,large.txt,153613,1,0,975096936132,975098008926,975100735408
106,PUT,large.txt,153613,1,0,975098264917,975100786877,975101217907
110,GET,medium.txt,30774,1,0,975098990873,975099634610,975101234866
117,GET,small.txt,1044,1,0,975100863943,975101229281,975101468689
118,GET,small.txt,1044,1,0,975101335068,975101480658,975101585857
113,GET,medium.txt,30774,1,0,975099667577,975100087245,975104351707
121,GET,small.txt,1044,1,0,975104266884,975104369780,975104570110
116,GET,medium.txt,30774,1,0,975100178413,975100664423,975104690193
115,GET,large.txt,153613,1,0,975099932649,975101595196,975104791110
124,GET,small.txt,1044,1,0,975104733674,975104797252,975104986451
108,GET,large.txt,153613,1,0,975098728678,975101240780,975105096537
125,PUT,small.txt,1044,1,0,975104835100,975105000462,975105211895
127,GET,small.txt,1044,1,0,975105179680,975105221638,975105388604
119,GET,medium.txt,30774,1,0,975101595289,975104578660,975105411240
129,PUT,medium.txt,30774,1,0,975105363398,975105415986,975105609728
130,PUT,medium.txt,30774,1,0,975105553111,975105643485,975105853581
123,GET,medium.txt,30774,1,0,975104504884,975105149310,975105952694
122,PUT,large.txt,153613,1,0,975104295936,975105865327,975106447446
134,GET,small.txt,1044,1,0,975106149155,975106459516,975106599466
128,PUT,large.txt,153613,1,0,975105352882,975105957083,975106839371
133,PUT,medium.txt,30774,1,0,975105978135,975106608826,975107084913
131,PUT,large.txt,153613,1,0,975105563245,975106883973,975107599964
132,PUT,large.txt,153613,1,0,975105798752,975107107204,975108131590
136,PUT,medium.txt,30774,1,0,975107219810,975107648107,975108298269
120,GET,medium.txt,30774,1,0,975104250797,975104702114,975108631831
137,PUT,medium.txt,30774,1,0,975107238699,975108142713,975108880140
126,GET,medium.txt,30774,1,0,975105094595,975105415831,975109474052
139,GET,medium.txt,30774,1,0,975107951171,975108655049,975109500797
135,PUT,large.txt,153613,1,0,975106775515,975109522671,975110103880
141,PUT,large.txt,153613,1,0,975108827059,975110115934,975110567204
138,GET,medium.txt,30774,1,0,975107244637,975108306680,975112364459
147,GET,small.txt,1044,1,0,975112265279,975112370649,975112587069
146,PUT,medium.txt,30774,1,0,975112236200,975112595419,975112800274
140,GET,medium.txt,30774,1,0,975108283415,975108891095,975112905182
148,PUT,small.txt,1044,1,0,975112706992,975112810311,975112944055
142,GET,medium.txt,30774,1,0,975108976155,975109508125,975113427091
143,PUT,large.txt,153613,1,0,975109623114,975112951785,975113629937
150,GET,small.txt,1044,1,0,975112948408,975113447951,975113696262
149,GET,medium.txt,30774,1,0,975112741700,975112949207,975114011591
153,PUT,medium.txt,30774,1,0,975113606125,975114018200,975114219124
156,GET,small.txt,1044,1,0,975114157055,975114228850,975114429379
144,GET,medium.txt,30774,1,0,975110240258,975110575664,975114513399
157,GET,medium.txt,30774,1,0,975114314757,975114439160,975115063385
154,GET,large.txt,153613,1,0,975113629537,975115068633,975116578822
160,GET,small.txt,1044,1,0,975116175423,975116583887,975116781765
152,GET,medium.txt,30774,1,0,975113090694,975113703558,975117249707
151,GET,medium.txt,30774,1,0,975113000660,975113647663,975117987836
158,PUT,large.txt,153613,1,0,975114559072,975117256123,975118133775
145,GET,large.txt,153613,1,0,975112233162,975114553444,975118149497
162,GET,small.txt,1044,1,0,975117786715,975118041239,975118197011
163,PUT,medium.txt,30774,1,0,975118195594,975118206542,975118404690
164,GET,small.txt,1044,1,0,975118534376,975118598069,975118839307
155,GET,large.txt,153613,1,0,975113800963,975116789651,975119289023
166,GET,small.txt,1044,1,0,975118986301,975119300901,975119512851
165,GET,large.txt,153613,1,0,975118535436,975118849469,975119661773
167,GET,small.txt,1044,1,0,975119399519,975119530171,975119716601
161,GET,medium.txt,30774,1,0,975117304709,975118187123,975119927887
168,PUT,medium.txt,30774,1,0,975119628713,975119666574,975120058347
169,PUT,large.txt,153613,1,0,975119861654,975119888431,975120455283
172,GET,large.txt,153613,1,0,975120166902,975120471285,975121356523
159,GET,large.txt,153613,1,0,975114607717,975118193282,975122605766
174,GET,large.txt,153613,1,0,975122712724,975122811355,975123781420
170,GET,large.txt,153613,1,0,975119897411,975120069476,975123963416
171,GET,medium.txt,30774,1,0,975119953800,975119960162,975124474949
177,PUT,small.txt,1044,1,0,975124201069,975124219364,975124511417
173,GET,medium.txt,30774,1,0,975120654928,975121363454,975124514203
175,PUT,large.txt,153613,1,0,975122823841,975123790314,975124909511
181,GET,small.txt,1044,1,0,975124584066,975125017774,975125197490
176,PUT,large.txt,153613,1,0,975124170628,975124522182,975125536533
180,PUT,large.txt,153613,1,0,975124447293,975125206992,975126183630
182,GET,large.txt,153613,1,0,975125127487,975125547523,975126612691
179,GET,large.txt,153613,1,0,975124330764,975124529328,975126777247
183,PUT,large.txt,153613,1,0,975125150502,975126200026,975126792035
186,PUT,medium.txt,30774,1,0,975126440106,975126654521,975127109800
184,GET,large.txt,153613,1,0,975125821163,975126802714,975127692363
189,PUT,medium.txt,30774,1,0,975127264419,975127699850,975128110386
190,PUT,medium.txt,30774,1,0,975127938552,975128154234,975128415633
193,PUT,small.txt,1044,1,0,975128278440,975128434522,975128549463
178,GET,medium.txt,30774,1,0,975124318902,975124506292,975128568990
194,GET,small.txt,1044,1,0,975128486011,975128559987,975128812553
195,GET,small.txt,1044,1,0,975128720091,975128845796,975128950235
187,GET,large.txt,153613,1,0,975127044947,975127154579,975128969039
196,PUT,medium.txt,30774,1,0,975128845720,975128957607,975129189655
197,GET,small.txt,1044,1,0,975129121217,975129200101,975129347751
198,GET,small.txt,1044,1,0,975129130686,975129357167,975129540062
188,PUT,large.txt,153613,1,0,975127105918,975128981788,975129770801
201,PUT,small.txt,1044,1,0,975129708964,975129782868,975129953351
200,PUT,small.txt,1044,1,0,975129445874,975129550857,975130204670
203,PUT,medium.txt,30774,1,0,975130093786,975130223653,975130345253
185,GET,large.txt,153613,1,0,975125858321,975126811303,975130685806
191,GET,medium.txt,30774,1,0,975128237273,975128598345,975132556194
192,GET,large.txt,153613,1,0,975128261081,975129964376,975132619025
202,GET,large.txt,153613,1,0,975129973648,975130724749,975132903390
205,PUT,medium.txt,30774,1,0,975131122895,975132627564,975132909865
207,GET,small.txt,1044,1,0,975133563359,975133611481,975133757886
204,PUT,large.txt,153613,1,0,975130240401,975132628538,975134011891
208,PUT,small.txt,1044,1,0,975133941176,975133964133,975134476078
199,GET,large.txt,153613,1,0,975129373524,975130353742,975134674013
213,PUT,small.txt,1044,1,0,975134405499,975134487842,975134896822
206,PUT,medium.txt,30774,1,0,975133499674,975133652985,975134946354
214,PUT,small.txt,1044,1,0,975134794507,975134908448,975135038324
212,PUT,medium.txt,30774,1,0,975134361544,975134955798,975135271763
215,PUT,small.txt,1044,1,0,975135049446,975135282915,975135694825
209,GET,medium.txt,30774,1,0,975134126940,975134167226,975135931141
216,PUT,large.txt,153613,1,0,975135157448,975135712892,975136529459
218,PUT,small.txt,1044,1,0,975135775453,975135937940,975136567502
211,GET,large.txt,153613,1,0,975134355749,975135047815,975136710525
219,GET,small.txt,1044,1,0,975135972617,975136543321,975136755817
220,PUT,small.txt,1044,1,0,975136198933,975136581047,975136962091
222,GET,small.txt,1044,1,0,975136842695,975136980844,975137153019
225,PUT,small.txt,1044,1,0,975136982820,975137188924,975137391662
227,GET,small.txt,1044,1,0,975137377316,975137407319,975137500964
217,GET,large.txt,153613,1,0,975135610027,975136789159,975137670031
224,PUT,medium.txt,30774,1,0,975136972237,975137507196,975137746098
226,PUT,medium.txt,30774,1,0,975137116532,975137708980,975138167655
230,PUT,small.txt,1044,1,0,975137859436,975138180987,975138375872
231,PUT,small.txt,1044,1,0,975137968951,975138388086,975138585456
210,GET,medium.txt,30774,1,0,975134285535,975134733459,975138911887
228,GET,medium.txt,30774,1,0,975137440811,975137756594,975139045126
223,PUT,large.txt,153613,1,0,975136925010,975138596178,975139161080
229,PUT,large.txt,153613,1,0,975137710293,975138946915,975139689990
234,PUT,large.txt,153613,1,0,975138819229,975139702182,975140345933
221,GET,medium.txt,30774,1,0,975136229753,975136721190,975140419408
238,GET,medium.txt,30774,1,0,975140204184,975140462208,975141311232
239,PUT,small.txt,1044,1,0,975140500182,975141317534,975141562549
240,GET,small.txt,1044,1,0,975140534109,975141572032,975141776408
235,PUT,large.txt,153613,1,0,975139051777,975141809307,975142362685
242,GET,small.txt,1044,1,0,975141889086,975142374390,975142492347
237,GET,medium.txt,30774,1,0,975140191183,975140357514,975143021604
244,PUT,medium.txt,30774,1,0,975142513620,975143027689,975143276149
232,GET,large.txt,153613,1,0,975138351749,975139052212,975143284800
246,PUT,medium.txt,30774,1,0,975143209108,975143415620,975143591262
233,GET,large.txt,153613,1,0,975138552239,975139169291,975143691868
248,PUT,small.txt,1044,1,0,975143417536,975143601710,975143912014
250,GET,small.txt,1044,1,0,975143842810,975143923557,975144131887
245,GET,medium.txt,30774,1,0,975142672735,975143286434,975144154578
251,PUT,medium.txt,30774,1,0,975144052899,975144152907,975144478475
247,GET,medium.txt,30774,1,0,975143405754,975143744910,975144666165
253,GET,small.txt,1044,1,0,975144385600,975144490648,975144748949
241,PUT,large.txt,153613,1,0,975141550056,975144189845,975144818391
254,PUT,small.txt,1044,1,0,975144625361,975144688853,975145048765
249,PUT,large.txt,153613,1,0,975143748441,975144827624,975145408355
243,PUT,large.txt,153613,1,0,975141970245,975144758894,975145739240
256,PUT,small.txt,1044,1,0,975144984441,975145418735,975145892661
257,PUT,small.txt,1044,1,0,975145015965,975145750255,975146084072
255,PUT,small.txt,1044,1,0,975144898550,975145076142,975146139265
259,PUT,small.txt,1044,1,0,975145630783,975146093775,975146304919
258,PUT,small.txt,1044,1,0,975145205636,975145902599,975146452643
263,GET,small.txt,1044,1,0,975146417063,975146464411,975146578027
252,PUT,large.txt,153613,1,0,975144296457,975146347796,975146822716
236,GET,large.txt,153613,1,0,975139857631,975142500139,975146857830
260,GET,medium.txt,30774,1,0,975145897815,975146149230,975147064012
264,PUT,large.txt,153613,1,0,975146642337,975146906004,975148196688
266,PUT,small.txt,1044,1,0,975147025476,975147070111,975148340298
267,PUT,medium.txt,30774,1,0,975147557940,975148349461,975148567486
270,PUT,small.txt,1044,1,0,975148445947,975148576668,975148935697
268,PUT,medium.txt,30774,1,0,975147589367,975148948022,975149151120
269,GET,medium.txt,30774,1,0,975148245172,975149164914,975149800179
262,GET,large.txt,153613,1,0,975146304910,975146836232,975150030871
274,PUT,small.txt,1044,1,0,975149322022,975149804968,975150066508
265,GET,medium.txt,30774,1,0,975147013687,975148211167,975151157305
275,GET,small.txt,1044,1,0,975150153426,975151206235,975151333097
276,PUT,medium.txt,30774,1,0,975151301030,975151342304,975151608828
261,GET,large.txt,153613,1,0,975146059624,975146587173,975151815426
277,PUT,medium.txt,30774,1,0,975151539119,975151620000,975151862016
273,PUT,large.txt,153613,1,0,975149096329,975151868632,975152497729
279,GET,small.txt,1044,1,0,975151911576,975152510503,975152718403
278,PUT,large.txt,153613,1,0,975151753723,975151878558,975152884160
280,PUT,medium.txt,30774,1,0,975151917099,975152740730,975153147648
285,PUT,small.txt,1044,1,0,975153083555,975153166077,975153283328
271,GET,medium.txt,30774,1,0,975148611617,975150045348,975153410263
286,PUT,medium.txt,30774,1,0,975153200080,975153295131,975153485792
287,PUT,small.txt,1044,1,0,975153437189,975153440609,975153664767
272,GET,large.txt,153613,1,0,975148739090,975150075905,975153664866
289,PUT,small.txt,1044,1,0,975153685163,975153792841,975153880964
288,GET,small.txt,1044,1,0,975153651826,975153677013,975153917507
290,PUT,medium.txt,30774,1,0,975153830977,975153888514,975154110360
291,GET,small.txt,1044,1,0,975154074455,975154120088,975154304166
293,GET,small.txt,1044,1,0,975154136717,975154312466,975154562818
294,GET,small.txt,1044,1,0,975154241059,975154573188,975154847181
295,PUT,small.txt,1044,1,0,975154720585,975154859102,975154984775
297,PUT,small.txt,1044,1,0,975154978967,975154995086,975155093002
292,PUT,medium.txt,30774,1,0,975154136151,975155101349,975155341766
298,PUT,small.txt,1044,1,0,975155157547,975155351490,975155520850
299,PUT,medium.txt,30774,1,0,975155283378,975155530532,975155703859
282,GET,large.txt,153613,1,0,975152143285,975153953332,975155838062
302,PUT,small.txt,1044,1,0,975155830919,975155845349,975156222299
303,PUT,small.txt,1044,1,0,975156138029,975156235272,975156436951
304,PUT,medium.txt,30774,1,0,975156345145,975156454409,975156568916
305,PUT,medium.txt,30774,1,0,975156462455,975156576669,975156834913
306,PUT,medium.txt,30774,1,0,975156749985,975156846085,975157057391
283,GET,medium.txt,30774,1,0,975152670608,975152895977,975157060796
308,PUT,medium.txt,30774,1,0,975157087031,975157105857,975157218418
300,GET,medium.txt,30774,1,0,975155468915,975155714400,975157544979
296,PUT,large.txt,153613,1,0,975154736324,975157226481,975157844804
284,GET,large.txt,153613,1,0,975152849046,975157074270,975157884950
281,GET,large.txt,153613,1,0,975151935641,975153495699,975157983080
310,PUT,small.txt,1044,1,0,975157426128,975157569839,975158125240
307,PUT,large.txt,153613,1,0,975157010543,975157923814,975158479051
312,PUT,small.txt,1044,1,0,975158059524,975158201810,975158611978
313,GET,small.txt,1044,1,0,975158140529,975158491778,975158768536
314,GET,small.txt,1044,1,0,975158142602,975158623104,975158849238
315,PUT,medium.txt,30774,1,0,975158678929,975158779122,975158948464
311,GET,medium.txt,30774,1,0,975158033216,975158051276,975159303718
309,PUT,large.txt,153613,1,0,975157228025,975158882497,975159424386
301,GET,large.txt,153613,1,0,975155685485,975157856666,975159656315
317,PUT,large.txt,153613,1,0,975158957281,975159436714,975159965149
316,GET,large.txt,153613,1,0,975158742067,975158964699,975160908500
321,GET,medium.txt,30774,1,0,975159623498,975159691917,975161084163
322,GET,small.txt,1044,1,0,975159997052,975160931210,975161199718
323,PUT,medium.txt,30774,1,0,975160284317,975161089539,975161316268
325,PUT,medium.txt,30774,1,0,975161325154,975161325825,975161551490
326,PUT,medium.txt,30774,1,0,975161507276,975161563860,975161734949
327,PUT,medium.txt,30774,1,0,975161730719,975161753977,975161932040
328,PUT,small.txt,1044,1,0,975161759523,975161943224,975162129191
329,PUT,medium.txt,30774,1,0,975162074130,975162145067,975162323534
330,PUT,medium.txt,30774,1,0,975162157303,975162343598,975162460236
318,GET,large.txt,153613,1,0,975159035331,975159988986,975163815040
319,GET,medium.txt,30774,1,0,975159050962,975159329941,975163944580
324,GET,medium.txt,30774,1,0,975161003825,975161212505,975164731201
331,GET,medium.txt,30774,1,0,975162438890,975162468569,975164814078
332,GET,medium.txt,30774,1,0,975164118008,975164172780,975165152150
333,PUT,large.txt,153613,1,0,975164129387,975164821126,975165475256
337,PUT,small.txt,1044,1,0,975164862987,975165159286,975165732614
339,PUT,small.txt,1044,1,0,975165699894,975165745582,975166042589
340,PUT,small.txt,1044,1,0,975165774245,975166060748,975166209777
342,PUT,medium.txt,30774,1,0,975166095223,975166219991,975166331357
334,GET,medium.txt,30774,1,0,975164202968,975164778420,975166352403
336,PUT,large.txt,153613,1,0,975164280203,975166360075,975166895380
344,GET,small.txt,1044,1,0,975166541246,975166912927,975167062851
320,GET,large.txt,153613,1,0,975159062880,975163832233,975167165478
345,PUT,small.txt,1044,1,0,975167248442,975167263892,975167606862
341,PUT,large.txt,153613,1,0,975165948944,975167618180,975168189931
338,GET,medium.txt,30774,1,0,975165018529,975165486830,975168436918
347,PUT,large.txt,153613,1,0,975167524726,975168489167,975169166398
348,PUT,large.txt,153613,1,0,975167762551,975169185801,975169563221
349,PUT,large.txt,153613,1,0,975168662746,975169572820,975170072254
351,GET,small.txt,1044,1,0,975169743967,975170083840,975170367810
352,PUT,medium.txt,30774,1,0,975170247948,975170386829,975170567001
353,PUT,medium.txt,30774,1,0,975170394507,975170577910,975170709136
354,PUT,small.txt,1044,1,0,975170703573,975170717556,975170943832
355,PUT,medium.txt,30774,1,0,975170886638,975170954612,975171132484
335,GET,large.txt,153613,1,0,975164219820,975166339698,975171788080
343,GET,medium.txt,30774,1,0,975166377139,975167072432,975171833974
356,PUT,large.txt,153613,1,0,975171170784,975171836923,975172433000
358,PUT,small.txt,1044,1,0,975171907537,975172445091,975172527251
361,GET,small.txt,1044,1,0,975172187671,975172537544,975172785038
362,GET,small.txt,1044,1,0,975172673370,975172822804,975173057823
346,GET,large.txt,153613,1,0,975167271171,975168200867,975173245809
363,PUT,small.txt,1044,1,0,975172901581,975173065189,975173297239
357,GET,large.txt,153613,1,0,975171178754,975171883014,975173430450
360,PUT,large.txt,153613,1,0,975172032334,975173310130,975173877263
367,GET,small.txt,1044,1,0,975173447859,975173889270,975174150327
364,PUT,large.txt,153613,1,0,975173225010,975173438482,975174199891
368,PUT,small.txt,1044,1,0,975173690837,975174163048,975174382470
370,GET,small.txt,1044,1,0,975174290010,975174303818,975174486984
372,PUT,small.txt,1044,1,0,975174394532,975174404620,975174561624
371,PUT,medium.txt,30774,1,0,975174378662,975174571905,975174704861
350,GET,large.txt,153613,1,0,975169196682,975171148322,975174779833
365,PUT,large.txt,153613,1,0,975173256000,975174724789,975175282992
373,PUT,medium.txt,30774,1,0,975174729934,975174819770,975175333523
374,GET,small.txt,1044,1,0,975174863345,975175295642,975175607402
375,PUT,medium.txt,30774,1,0,975174950817,975175397665,975175663014
378,GET,small.txt,1044,1,0,975175495726,975175617498,975175833377
379,GET,small.txt,1044,1,0,975175702411,975175854218,975175967440
369,GET,medium.txt,30774,1,0,975174057110,975174497023,975176063525
366,PUT,large.txt,153613,1,0,975173425894,975176108403,975176463226
376,GET,medium.txt,30774,1,0,975175009208,975175684760,975176936067
380,PUT,large.txt,153613,1,0,975175774334,975176968258,975177564332
377,GET,large.txt,153613,1,0,975175453459,975176475320,975177579161
359,GET,large.txt,153613,1,0,975171951122,975173302260,975177613903
382,PUT,large.txt,153613,1,0,975176192538,975177584683,975178020851
385,GET,small.txt,1044,1,0,975177665959,975178030395,975178443042
383,PUT,large.txt,153613,1,0,975176695711,975177616253,975178581148
386,PUT,medium.txt,30774,1,0,975177774673,975178461778,975178692635
388,PUT,small.txt,1044,1,0,975178695945,975178702454,975178942013
387,PUT,medium.txt,30774,1,0,975177844862,975178600733,975179040628
389,PUT,small.txt,1044,1,0,975178742689,975178954601,975179201101
381,GET,medium.txt,30774,1,0,975175923795,975175978553,975179354106
392,PUT,small.txt,1044,1,0,975179153803,975179214547,975179396275
394,GET,small.txt,1044,1,0,975179164859,975179382218,975179644256
396,GET,small.txt,1044,1,0,975179562579,975179696498,975179990868
390,GET,medium.txt,30774,1,0,975178742903,975179061136,975180053097
395,PUT,medium.txt,30774,1,0,975179368825,975180012449,975180218228
393,GET,medium.txt,30774,1,0,975179157997,975179406583,975180286870
384,GET,large.txt,153613,1,0,975177164823,975177662099,975180528121
391,PUT,large.txt,153613,1,0,975178968194,975180229990,975180751884
398,PUT,large.txt,153613,1,0,975180170768,975180294461,975181083309
402,GET,small.txt,1044,1,0,975180944106,975181095517,975181550396
400,PUT,medium.txt,30774,1,0,975180386886,975180558283,975181887594
403,PUT,medium.txt,30774,1,0,975181759172,975181901673,975182148433
401,GET,large.txt,153613,1,0,975180485546,975181568233,975182694153
406,GET,small.txt,1044,1,0,975182410447,975182702667,975182965342
405,PUT,medium.txt,30774,1,0,975182263997,975182974996,975183443531
399,GET,large.txt,153613,1,0,975180213711,975180764220,975183598682
407,PUT,small.txt,1044,1,0,975183132505,975183453983,975183738523
410,PUT,small.txt,1044,1,0,975183623069,975183633379,975183934086
408,PUT,medium.txt,30774,1,0,975183237938,975183755990,975184012947
397,GET,medium.txt,30774,1,0,975179783161,975180083319,975184278618
412,PUT,small.txt,1044,1,0,975183858754,975183946063,975184303588
414,PUT,medium.txt,30774,1,0,975184215248,975184315124,975184529114
416,GET,small.txt,1044,1,0,975184440498,975184570474,975184693950
404,GET,large.txt,153613,1,0,975182020901,975182192345,975187356547
409,GET,large.txt,153613,1,0,975183370632,975184028118,975188328540
413,GET,medium.txt,30774,1,0,975184182960,975184310532,975188406096
419,PUT,medium.txt,30774,1,0,975187498329,975188337521,975188623165
417,GET,medium.txt,30774,1,0,975184589375,975184703030,975188898290
415,PUT,large.txt,153613,1,0,975184217340,975188452518,975188949553
421,PUT,small.txt,1044,1,0,975188563962,975188634602,975189154856
423,PUT,medium.txt,30774,1,0,975188825515,975188957555,975189287452
422,PUT,medium.txt,30774,1,0,975188582450,975188926115,975189438577
411,GET,large.txt,153613,1,0,975183786753,975187372392,975189494356
420,PUT,large.txt,153613,1,0,975188256046,975189301277,975189833220
427,PUT,small.txt,1044,1,0,975189467756,975189501333,975189908706
428,GET,small.txt,1044,1,0,975189599678,975189846103,975189967587
429,GET,small.txt,1044,1,0,975189675309,975189937584,975190215129
426,GET,medium.txt,30774,1,0,975189390458,975189449674,975190248984
431,PUT,small.txt,1044,1,0,975190118241,975190253322,975190432021
432,PUT,medium.txt,30774,1,0,975190119110,975190254806,975190551454
433,PUT,small.txt,1044,1,0,975190333087,975190448790,975190553963
435,GET,small.txt,1044,1,0,975190474171,975190561502,975190716790
436,PUT,small.txt,1044,1,0,975190706806,975190726637,975190815830
434,GET,small.txt,1044,1,0,975190454676,975190561385,975190838192
418,GET,large.txt,153613,1,0,975184828355,975189165618,975191183941
425,PUT,large.txt,153613,1,0,975189382145,975190823563,975191279501
430,PUT,large.txt,153613,1,0,975190071116,975190876111,975191567786
437,PUT,large.txt,153613,1,0,975190973070,975191292743,975192019450
438,PUT,small.txt,1044,1,0,975190982919,975191218982,975192149086
443,PUT,small.txt,1044,1,0,975191854250,975192050663,975192318868
439,GET,large.txt,153613,1,0,975191025537,975191578247,975192937788
445,PUT,medium.txt,30774,1,0,975192494530,975192945614,975193205342
441,GET,large.txt,153613,1,0,975191427590,975193217097,975194207478
424,GET,large.txt,153613,1,0,975189258055,975189977686,975194660032
440,GET,large.txt,153613,1,0,975191039602,975192373409,975195045731
442,GET,medium.txt,30774,1,0,975191729293,975192159861,975196524257
448,GET,medium.txt,30774,1,0,975194818384,975195077190,975196598594
449,PUT,small.txt,1044,1,0,975196176464,975196560069,975196742716
444,GET,large.txt,153613,1,0,975192241364,975194253508,975196847886
450,PUT,small.txt,1044,1,0,975196203990,975196605568,975197028868
451,PUT,small.txt,1044,1,0,975196222760,975196754863,975197220536
452,PUT,large.txt,153613,1,0,975196700580,975197241140,975197779706
454,GET,large.txt,153613,1,0,975196893515,975197792424,975198714211
446,GET,large.txt,153613,1,0,975193131121,975194732218,975200396170
458,GET,small.txt,1044,1,0,975200251806,975200410283,975200753628
455,GET,large.txt,153613,1,0,975197149192,975198721358,975200986345
459,GET,small.txt,1044,1,0,975200282249,975200762635,975201094044
453,GET,medium.txt,30774,1,0,975196794943,975196853808,975201125890
456,PUT,large.txt,153613,1,0,975197227149,975200993199,975201736856
457,PUT,large.txt,153613,1,0,975197997370,975201106068,975202250222
447,GET,large.txt,153613,1,0,975193336849,975197039973,975202304654
460,PUT,large.txt,153613,1,0,975200582636,975201135404,975202521497
466,GET,small.txt,1044,1,0,975202303196,975202352481,975202656987
461,GET,large.txt,153613,1,0,975200902941,975202272020,975203293553
469,PUT,medium.txt,30774,1,0,975202782069,975203302048,975203625398
470,PUT,medium.txt,30774,1,0,975203551845,975203682053,975203833119
471,PUT,small.txt,1044,1,0,975203747871,975203845748,975204146976
467,GET,medium.txt,30774,1,0,975202446988,975202543995,975204327377
472,PUT,medium.txt,30774,1,0,975203995827,975204160723,975204338969
463,PUT,large.txt,153613,1,0,975201267256,975204335412,975204792093
474,GET,small.txt,1044,1,0,975204542041,975204804604,975205137055
464,GET,large.txt,153613,1,0,975201455259,975204350362,975205183731
465,PUT,large.txt,153613,1,0,975201936392,975205219436,975205678991
478,PUT,small.txt,1044,1,0,975205413383,975205691836,975205941081
468,GET,medium.txt,30774,1,0,975202611201,975202680905,975206067640
479,PUT,small.txt,1044,1,0,975205834347,975205952973,975206139684
462,GET,medium.txt,30774,1,0,975201253093,975201748149,975206170838
480,PUT,small.txt,1044,1,0,975206091337,975206151051,975206351802
482,GET,small.txt,1044,1,0,975206329673,975206370869,975206684832
476,GET,medium.txt,30774,1,0,975204947734,975205155973,975206833668
475,PUT,large.txt,153613,1,0,975204551271,975206214161,975206881460
483,PUT,small.txt,1044,1,0,975206460222,975206692124,975206925624
484,PUT,medium.txt,30774,1,0,975206851935,975206899086,975207035413
481,PUT,medium.txt,30774,1,0,975206308466,975206843147,975207233212
485,PUT,medium.txt,30774,1,0,975206926261,975206937517,975207277577
486,PUT,medium.txt,30774,1,0,975207087856,975207244527,975207476501
477,GET,large.txt,153613,1,0,975205283500,975207044606,975208927960
490,PUT,medium.txt,30774,1,0,975207601148,975208970668,975209278504
487,GET,medium.txt,30774,1,0,975207126509,975207289239,975209473568
493,PUT,medium.txt,30774,1,0,975209195468,975209498268,975209767533
488,GET,medium.txt,30774,1,0,975207364663,975207487528,975209775066
495,PUT,small.txt,1044,1,0,975209722780,975209780430,975210202716
473,GET,large.txt,153613,1,0,975204193232,975206076202,975210247997
496,GET,small.txt,1044,1,0,975209923666,975210216122,975210534184
494,GET,medium.txt,30774,1,0,975209418796,975209811690,975210670921
497,PUT,medium.txt,30774,1,0,975209941995,975210292537,975211009460
491,GET,medium.txt,30774,1,0,975208204986,975209289846,975211901329
501,PUT,medium.txt,30774,1,0,975211139870,975211940207,975212349835
502,PUT,small.txt,1044,1,0,975212235773,975212381005,975212610612
503,PUT,small.txt,1044,1,0,975212268737,975212624139,975212890108
492,GET,large.txt,153613,1,0,975208213472,975210705014,975212985597
504,PUT,medium.txt,30774,1,0,975212492655,975212904339,975213176105
498,PUT,large.txt,153613,1,0,975210461057,975212994951,975213655735
506,PUT,small.txt,1044,1,0,975213050844,975213276987,975213695669
500,GET,medium.txt,30774,1,0,975210769895,975211040906,975213713078
508,PUT,small.txt,1044,1,0,975213308132,975213671009,975213988237
509,GET,small.txt,1044,1,0,975213808278,975214001736,975214124689
510,GET,small.txt,1044,1,0,975214057472,975214150425,975214309872
499,GET,large.txt,153613,1,0,975210691801,975213748577,975214594172
505,PUT,large.txt,153613,1,0,975212813821,975213806561,975214672617
512,PUT,small.txt,1044,1,0,975214860017,975214913380,975215047745
513,GET,small.txt,1044,1,0,975214937084,975215058637,975215249526
507,PUT,large.txt,153613,1,0,975213264431,975214322688,975215455007
489,GET,large.txt,153613,1,0,975207406208,975210576016,975215518046
515,GET,small.txt,1044,1,0,975215016801,975215259887,975215597376
511,PUT,large.txt,153613,1,0,975214204918,975214601284,975215821438
516,PUT,small.txt,1044,1,0,975215125205,975215466972,975216304691
519,PUT,medium.txt,30774,1,0,975215647496,975215655670,975216491802
514,GET,large.txt,153613,1,0,975214981931,975215573382,975216974712
522,GET,medium.txt,30774,1,0,975216304012,975216318010,975217336571
521,PUT,large.txt,153613,1,0,975216140844,975217378543,975218219362
517,GET,large.txt,153613,1,0,975215404747,975215832348,975219488151
523,PUT,large.txt,153613,1,0,975216497250,975218362148,975219803065
525,PUT,medium.txt,30774,1,0,975218616485,975219554197,975220417634
520,GET,large.txt,153613,1,0,975215892289,975216983275,975220784713
518,GET,large.txt,153613,1,0,975215606457,975216506650,975221367614
527,GET,medium.txt,30774,1,0,975220091570,975220432031,975221482685
529,PUT,medium.txt,30774,1,0,975220306271,975221424752,975221906300
531,GET,small.txt,1044,1,0,975221556037,975221919655,975222042903
524,PUT,large.txt,153613,1,0,975216797583,975221492883,975222566026
532,PUT,medium.txt,30774,1,0,975221939600,975222052921,975222875606
526,GET,medium.txt,30774,1,0,975218878565,975219905662,975223904510
528,GET,medium.txt,30774,1,0,975220291437,975220850753,975224487065
537,GET,small.txt,1044,1,0,975224431903,975224540762,975224757854
530,GET,large.txt,153613,1,0,975220680908,975223918667,975224922132
535,GET,large.txt,153613,1,0,975222750537,975224974344,975225742753
536,PUT,large.txt,153613,1,0,975222895215,975225749630,975226517682
540,PUT,small.txt,1044,1,0,975226012795,975226529534,975226772595
542,PUT,small.txt,1044,1,0,975226667733,975226791125,975226886456
541,PUT,medium.txt,30774,1,0,975226142250,975226894038,975227128046
534,GET,medium.txt,30774,1,0,975222352055,975222895770,975227264928
544,PUT,medium.txt,30774,1,0,975227095517,975227139426,975227328896
533,GET,medium.txt,30774,1,0,975222135177,975222578491,975227629041
543,PUT,large.txt,153613,1,0,975226826705,975227345588,975227902106
539,PUT,large.txt,153613,1,0,975225040117,975227271942,975228355351
549,GET,small.txt,1044,1,0,975228168906,975228369978,975228497386
547,PUT,small.txt,1044,1,0,975227512706,975227666806,975228514455
546,PUT,medium.txt,30774,1,0,975227422263,975227913886,975228535178
538,GET,medium.txt,30774,1,0,975224491040,975224770527,975228719618
550,PUT,small.txt,1044,1,0,975228245776,975228524944,975228830162
545,PUT,large.txt,153613,1,0,975227272445,975228546976,975229125272
551,PUT,small.txt,1044,1,0,975228616943,975228766707,975229141386
556,PUT,small.txt,1044,1,0,975228945953,975229137628,975229358232
552,PUT,medium.txt,30774,1,0,975228849831,975228919969,975229393894
548,GET,medium.txt,30774,1,0,975227776654,975228525867,975229409578
553,PUT,medium.txt,30774,1,0,975228891456,975229151896,975229581068
557,PUT,small.txt,1044,1,0,975229317605,975229387556,975229669054
561,GET,small.txt,1044,1,0,975229648766,975229682086,975229819232
554,PUT,large.txt,153613,1,0,975228928777,975229404405,975230005809
562,PUT,medium.txt,30774,1,0,975229840354,975230016079,975230257999
560,PUT,large.txt,153613,1,0,975229638705,975230270553,975230837482
559,GET,medium.txt,30774,1,0,975229477712,975229603275,975230945943
565,PUT,medium.txt,30774,1,0,975230536132,975230853792,975230986844
564,PUT,large.txt,153613,1,0,975230417343,975230993063,975231538742
567,GET,small.txt,1044,1,0,975231172033,975231549866,975231750003
563,GET,large.txt,153613,1,0,975230252787,975230975269,975232659583
555,GET,large.txt,153613,1,0,975228936825,975229440352,975232741311
558,GET,large.txt,153613,1,0,975229476208,975229829097,975232784085
570,PUT,medium.txt,30774,1,0,975232201101,975232687618,975232925559
572,GET,small.txt,1044,1,0,975232873413,975232937383,975233263832
566,PUT,large.txt,153613,1,0,975230910463,975232779005,975233385664
574,PUT,small.txt,1044,1,0,975233110112,975233282922,975233533729
573,PUT,medium.txt,30774,1,0,975233096994,975233397455,975233666311
575,PUT,medium.txt,30774,1,0,975233395192,975233603983,975233865464
569,GET,large.txt,153613,1,0,975232154115,975232812628,975233891460
577,GET,small.txt,1044,1,0,975233684940,975233884733,975234166303
578,GET,small.txt,1044,1,0,975233868225,975233927758,975234190570
571,PUT,large.txt,153613,1,0,975232202225,975233680724,975234290210
579,PUT,large.txt,153613,1,0,975233925990,975234309529,975234668955
576,PUT,large.txt,153613,1,0,975233561994,975234199830,975235079431
581,PUT,small.txt,1044,1,0,975234428404,975234681607,975235107717
583,PUT,small.txt,1044,1,0,975234501911,975235098024,975235262006
586,PUT,medium.txt,30774,1,0,975235153530,975235272125,975235454346
580,GET,medium.txt,30774,1,0,975234019539,975234176469,975235830435
588,GET,medium.txt,30774,1,0,975235393078,975235503404,975236250964
568,GET,medium.txt,30774,1,0,975231657170,975231760537,975236480560
584,GET,large.txt,153613,1,0,975234531807,975235837943,975236868431
585,PUT,large.txt,153613,1,0,975234902664,975236525119,975237050933
591,PUT,small.txt,1044,1,0,975236617928,975236874401,975237174550
593,GET,small.txt,1044,1,0,975237124487,975237186390,975237330388
587,PUT,large.txt,153613,1,0,975235377033,975237066527,975237494788
592,PUT,medium.txt,30774,1,0,975237112812,975237353305,975237661642
595,GET,small.txt,1044,1,0,975237649817,975237671698,975237917758
582,GET,large.txt,153613,1,0,975234468745,975235117634,975238028306
596,PUT,small.txt,1044,1,0,975237670404,975237927761,975238128116
594,GET,medium.txt,30774,1,0,975237284995,975237522567,975238768165
589,PUT,large.txt,153613,1,0,975235603483,975238054660,975238775382
590,GET,medium.txt,30774,1,0,975236181728,975236275899,975239521570
598,GET,medium.txt,30774,1,0,975238102122,975238138807,975240085094
597,PUT,large.txt,153613,1,0,975237841714,975240096994,975240837006
602,GET,small.txt,1044,1,0,975240098388,975240850055,975240988189
606,PUT,small.txt,1044,1,0,975240980384,975240999867,975241268439
604,PUT,medium.txt,30774,1,0,975240392883,975241313038,975241504482
608,GET,small.txt,1044,1,0,975241384272,975241567460,975241679761
600,GET,medium.txt,30774,1,0,975238297475,975238788314,975243494354
607,PUT,medium.txt,30774,1,0,975241193761,975243506881,975243751005
599,GET,medium.txt,30774,1,0,975238256303,975238777498,975243786892
610,GET,small.txt,1044,1,0,975243658334,975243770111,975243897856
601,GET,medium.txt,30774,1,0,975238981629,975239566735,975244196515
614,GET,small.txt,1044,1,0,975244143777,975244206296,975244556058
609,PUT,large.txt,153613,1,0,975241633992,975243907153,975244567003
613,PUT,medium.txt,30774,1,0,975244081123,975244580279,975244764894
615,PUT,small.txt,1044,1,0,975244354788,975244573639,975244857140
616,PUT,small.txt,1044,1,0,975244799795,975244805064,975245037376
603,GET,large.txt,153613,1,0,975240233713,975243808390,975245083592
618,PUT,small.txt,1044,1,0,975244887081,975245050121,975245212299
617,PUT,medium.txt,30774,1,0,975244882679,975245121328,975245420642
619,PUT,small.txt,1044,1,0,975245177540,975245224370,975245473029
620,PUT,medium.txt,30774,1,0,975245348242,975245489476,975245680391
623,PUT,small.txt,1044,1,0,975245541534,975245691644,975245780381
622,PUT,medium.txt,30774,1,0,975245524919,975245789984,975245999153
624,PUT,medium.txt,30774,1,0,975245834135,975246010197,975246257954
605,GET,medium.txt,30774,1,0,975240447243,975241689482,975246277133
621,GET,medium.txt,30774,1,0,975245355532,975245537993,975246538974
612,PUT,large.txt,153613,1,0,975243941437,975246321072,975246839911
628,PUT,small.txt,1044,1,0,975246417682,975246562503,975247107607
627,PUT,medium.txt,30774,1,0,975246324480,975246852004,975247215953
626,GET,medium.txt,30774,1,0,975246127643,975246276560,975247254245
629,PUT,large.txt,153613,1,0,975247045022,975247233283,975247775905
630,PUT,large.txt,153613,1,0,975247084157,975247788875,975248421000
633,PUT,medium.txt,30774,1,0,975247970252,975248434691,975248666639
611,GET,large.txt,153613,1,0,975243797609,975244867201,975248756867
631,GET,medium.txt,30774,1,0,975247260378,975247279469,975248813673
636,GET,small.txt,1044,1,0,975248596720,975248678261,975248993705
634,PUT,medium.txt,30774,1,0,975248190877,975248792527,975249096922
635,PUT,large.txt,153613,1,0,975248202698,975249005848,975249489260
625,GET,large.txt,153613,1,0,975245934888,975247119293,975249544654
637,PUT,large.txt,153613,1,0,975248830105,975249107537,975249864859
641,PUT,medium.txt,30774,1,0,975249726933,975249879899,975250140877
638,PUT,large.txt,153613,1,0,975249037420,975249597472,975250340563
642,GET,small.txt,1044,1,0,975250023711,975250160422,975250450578
643,GET,small.txt,1044,1,0,975250345433,975250378088,975250611898
644,GET,small.txt,1044,1,0,975250398398,975250461389,975250620802
645,PUT,large.txt,153613,1,0,975250667693,975250715336,975251104541
640,PUT,large.txt,153613,1,0,975249348126,975250624352,975251392473
647,PUT,medium.txt,30774,1,0,975250766555,975251114517,975251652573
649,PUT,small.txt,1044,1,0,975251593076,975251664343,975251769889
632,GET,large.txt,153613,1,0,975247273777,975248839501,975252644547
652,PUT,small.txt,1044,1,0,975252170804,975252680516,975252941021
639,GET,medium.txt,30774,1,0,975249138386,975249499539,975253458417
650,PUT,large.txt,153613,1,0,975251599124,975253491148,975254188701
646,GET,large.txt,153613,1,0,975250751404,975251428500,975254813263
655,GET,medium.txt,30774,1,0,975253851414,975254249098,975255919410
657,PUT,small.txt,1044,1,0,975255125890,975255952326,975256348761
659,PUT,small.txt,1044,1,0,975256345433,975256363361,975256617723
653,GET,medium.txt,30774,1,0,975252878680,975252951924,975256742218
660,PUT,medium.txt,30774,1,0,975256533657,975256755055,975256901471
656,GET,medium.txt,30774,1,0,975254323316,975254825050,975257201056
648,GET,large.txt,153613,1,0,975250859306,975251778027,975257394746
662,PUT,medium.txt,30774,1,0,975256936765,975257210853,975257559329
663,GET,medium.txt,30774,1,0,975257498355,975257572052,975258520494
654,GET,large.txt,153613,1,0,975253055481,975257457026,975258537995
661,PUT,large.txt,153613,1,0,975256837254,975258545914,975259398030
666,GET,small.txt,1044,1,0,975258827291,975259412156,975259581108
658,GET,medium.txt,30774,1,0,975256242119,975256630342,975260059073
668,PUT,medium.txt,30774,1,0,975259780227,975260118501,975260367749
670,GET,small.txt,1044,1,0,975260237288,975260387689,975260654618
665,GET,large.txt,153613,1,0,975257700266,975259600482,975260675784
671,PUT,medium.txt,30774,1,0,975260261292,975260715391,975260988059
664,GET,medium.txt,30774,1,0,975257538265,975258530955,975261167941
672,PUT,medium.txt,30774,1,0,975260391245,975260999768,975261188880
651,GET,large.txt,153613,1,0,975251816344,975256911637,975261497734
676,PUT,small.txt,1044,1,0,975261329906,975261526959,975261732903
675,GET,medium.txt,30774,1,0,975261120010,975261200533,975262183362
678,PUT,small.txt,1044,1,0,975261861879,975262209899,975262468502
669,GET,medium.txt,30774,1,0,975260201273,975260664382,975265842586
677,GET,medium.txt,30774,1,0,975261707765,975261744299,975265922283
674,GET,medium.txt,30774,1,0,975260940532,975261175558,975266076978
680,PUT,small.txt,1044,1,0,975262595218,975265936233,975266112908
667,PUT,large.txt,153613,1,0,975259589627,975265993801,975266685592
685,PUT,small.txt,1044,1,0,975266254199,975266699746,975266878162
683,GET,medium.txt,30774,1,0,975266075589,975266129761,975266880379
681,PUT,large.txt,153613,1,0,975264210630,975266889915,975267421154
673,GET,large.txt,153613,1,0,975260794759,975266132480,975267797435
679,GET,medium.txt,30774,1,0,975262393885,975262478905,975267902760
688,PUT,medium.txt,30774,1,0,975267579561,975267805907,975268098106
686,GET,medium.txt,30774,1,0,975266923602,975267435119,975268971803
691,PUT,small.txt,1044,1,0,975268173945,975269005198,975269268284
693,PUT,small.txt,1044,1,0,975269205969,975269302501,975269486725
682,GET,large.txt,153613,1,0,975265980006,975266890807,975270060805
692,GET,medium.txt,30774,1,0,975268305192,975270070070,975272762390
689,GET,medium.txt,30774,1,0,975268079179,975268136112,975273510813
684,GET,large.txt,153613,1,0,975266138970,975267914091,975273591918
695,PUT,medium.txt,30774,1,0,975269620586,975273529263,975273698032
696,PUT,medium.txt,30774,1,0,975272253110,975273653678,975273975067
697,PUT,medium.txt,30774,1,0,975273644555,975273707717,975274067199
690,GET,medium.txt,30774,1,0,975268106277,975269499029,975274273601
698,PUT,medium.txt,30774,1,0,975273743799,975273985394,975274424430
701,PUT,medium.txt,30774,1,0,975274218623,975274434976,975274712168
702,PUT,medium.txt,30774,1,0,975274632925,975274723567,975274996608
687,GET,large.txt,153613,1,0,975267097530,975275014516,975276155678
706,PUT,small.txt,1044,1,0,975276186057,975276192661,975276493213
707,PUT,small.txt,1044,1,0,975276424680,975276504167,975276685930
708,GET,small.txt,1044,1,0,975276648654,975276702951,975276825700
700,GET,medium.txt,30774,1,0,975274116757,975274281646,975277509307
699,GET,medium.txt,30774,1,0,975273913291,975274077840,975277651130
710,PUT,small.txt,1044,1,0,975276965593,975277540009,975277774469
705,PUT,medium.txt,30774,1,0,975276184954,975277684767,975277953159
694,GET,medium.txt,30774,1,0,975269397085,975272770942,975278004978
711,PUT,small.txt,1044,1,0,975277739403,975277784197,975278023304
714,PUT,medium.txt,30774,1,0,975277993591,975278047999,975278296147
715,PUT,small.txt,1044,1,0,975278155126,975278317152,975278469898
717,PUT,small.txt,1044,1,0,975278286620,975278481437,975278642097
713,GET,medium.txt,30774,1,0,975277958812,975278033289,975279118811
709,GET,medium.txt,30774,1,0,975276735661,975277974286,975279126018
719,PUT,small.txt,1044,1,0,975278784644,975279132462,975280123384
703,PUT,large.txt,153613,1,0,975274886336,975279147771,975280454942
720,PUT,small.txt,1044,1,0,975279363590,975280137168,975280618965
721,PUT,medium.txt,30774,1,0,975279390369,975280468745,975280666245
704,GET,medium.txt,30774,1,0,975275054675,975276834323,975280817495
723,PUT,medium.txt,30774,1,0,975280674461,975280677027,975280937183
725,PUT,small.txt,1044,1,0,975280871827,975280947197,975281107695
722,PUT,large.txt,153613,1,0,975280322354,975281124682,975281498323
727,PUT,small.txt,1044,1,0,975281143486,975281508737,975281803654
728,GET,small.txt,1044,1,0,975281646258,975281822419,975281969381
712,GET,large.txt,153613,1,0,975277794758,975280631057,975282294039
718,GET,medium.txt,30774,1,0,975278620627,975278652591,975283017306
726,PUT,large.txt,153613,1,0,975281129144,975282303145,975283136842
716,GET,large.txt,153613,1,0,975278160401,975280851460,975283440150
729,PUT,large.txt,153613,1,0,975281856613,975283065259,975283603919
733,PUT,small.txt,1044,1,0,975283338321,975283486933,975283854113
734,PUT,medium.txt,30774,1,0,975283576733,975283867354,975284015167
724,GET,large.txt,153613,1,0,975280784731,975281979391,975284152849
732,GET,medium.txt,30774,1,0,975283216857,975283615509,975284744605
731,GET,large.txt,153613,1,0,975283178906,975284025083,975284922853
730,GET,large.txt,153613,1,0,975282591015,975283161446,975288148459
735,GET,large.txt,153613,1,0,975283795402,975284185473,975288590984
738,PUT,large.txt,153613,1,0,975284236043,975288199148,975288684719
741,PUT,medium.txt,30774,1,0,975288321971,975288695814,975288963569
740,PUT,medium.txt,30774,1,0,975288308071,975288599128,975289203295
736,GET,large.txt,153613,1,0,975283919018,975284785784,975289279189
745,PUT,small.txt,1044,1,0,975289165193,975289215316,975289318449
744,PUT,medium.txt,30774,1,0,975289044581,975289326017,975289570694
743,PUT,medium.txt,30774,1,0,975289038598,975289286645,975289793621
747,PUT,small.txt,1044,1,0,975289496752,975289582214,975289929261
748,PUT,small.txt,1044,1,0,975289511877,975289819723,975290111999
737,GET,large.txt,153613,1,0,975284015881,975285017576,975290138836
746,PUT,medium.txt,30774,1,0,975289374238,975289947018,975290205397
751,PUT,medium.txt,30774,1,0,975290008287,975290154443,975290396566
753,GET,small.txt,1044,1,0,975290310511,975290406514,975290561126
754,PUT,small.txt,1044,1,0,975290323271,975290578174,975290711713
755,GET,small.txt,1044,1,0,975290525878,975290723049,975290939207
742,GET,medium.txt,30774,1,0,975288382794,975288976079,975290989234
749,GET,medium.txt,30774,1,0,975289751601,975290129876,975291095851
750,PUT,large.txt,153613,1,0,975289996441,975291022874,975291576957
758,PUT,medium.txt,30774,1,0,975291051431,975291121642,975291615719
756,GET,medium.txt,30774,1,0,975290687315,975290966450,975291578150
757,GET,large.txt,153613,1,0,975290828130,975291709541,975292653783
763,PUT,small.txt,1044,1,0,975291883393,975292661314,975292989441
759,PUT,large.txt,153613,1,0,975291262459,975293000127,975293583566
760,PUT,large.txt,153613,1,0,975291353905,975293596663,975294147434
761,PUT,large.txt,153613,1,0,975291753418,975294185326,975294636703
764,PUT,large.txt,153613,1,0,975292907455,975294646487,975295203789
739,GET,large.txt,153613,1,0,975288286731,975290215318,975295593774
762,GET,medium.txt,30774,1,0,975291871209,975291879362,975295792576
768,PUT,small.txt,1044,1,0,975295511716,975295645658,975295885202
770,GET,small.txt,1044,1,0,975295782215,975295801028,975296311314
766,PUT,large.txt,153613,1,0,975293781535,975295897370,975296376855
767,PUT,large.txt,153613,1,0,975294865082,975296389538,975296808928
773,GET,small.txt,1044,1,0,975296444434,975296848854,975296999345
752,GET,large.txt,153613,1,0,975290157451,975291593130,975297024240
765,GET,large.txt,153613,1,0,975293096940,975295257683,975297026357
774,PUT,medium.txt,30774,1,0,975296631518,975297008024,975297215870
769,PUT,large.txt,153613,1,0,975295696607,975297077368,975297561826
775,PUT,medium.txt,30774,1,0,975296986463,975297066385,975297671418
778,GET,small.txt,1044,1,0,975297283504,975297572109,975297776765
777,PUT,medium.txt,30774,1,0,975297196456,975297229243,975297925644
781,PUT,small.txt,1044,1,0,975297939101,975297943775,975298068502
776,PUT,large.txt,153613,1,0,975297182768,975297786244,975298330022
783,PUT,small.txt,1044,1,0,975297985866,975298079661,975298476143
784,PUT,small.txt,1044,1,0,975298236752,975298339610,975298605196
780,GET,medium.txt,30774,1,0,975297843914,975298487897,975299497887
782,GET,medium.txt,30774,1,0,975297983059,975298616109,975299615791
787,PUT,medium.txt,30774,1,0,975298761313,975299621268,975299895765
788,PUT,medium.txt,30774,1,0,975299829430,975299906529,975300108239
789,PUT,small.txt,1044,1,0,975300067680,975300125140,975300214058
779,PUT,large.txt,153613,1,0,975297419600,975300221844,975301087706
791,PUT,small.txt,1044,1,0,975300407112,975301103843,975301300111
772,GET,medium.txt,30774,1,0,975296217267,975296352670,975301447557
771,GET,large.txt,153613,1,0,975296073097,975297683692,975301617091
785,PUT,large.txt,153613,1,0,975298558390,975301311074,975301881959
794,PUT,small.txt,1044,1,0,975301586301,975301658384,975302147774
796,GET,small.txt,1044,1,0,975302095931,975302159694,975302506285
797,GET,small.txt,1044,1,0,975302259685,975302542508,975302892659
793,GET,medium.txt,30774,1,0,975301560198,975301892579,975303043766
790,GET,large.txt,153613,1,0,975300148473,975301498350,975304668913
786,GET,medium.txt,30774,1,0,975298577365,975299505508,975305116569
800,PUT,medium.txt,30774,1,0,975304196745,975305158418,975305313243
795,GET,medium.txt,30774,1,0,975302095397,975302911388,975305909723
792,GET,large.txt,153613,1,0,975301526568,975305336943,975306400650
802,PUT,large.txt,153613,1,0,975305620225,975306434132,975307123831
803,PUT,medium.txt,30774,1,0,975306708842,975307135998,975307425097
804,PUT,large.txt,153613,1,0,975307300835,975307445449,975307963900
798,GET,medium.txt,30774,1,0,975302598254,975303050008,975308287097
799,GET,medium.txt,30774,1,0,975303033181,975304705801,975308479197
806,GET,small.txt,1044,1,0,975308144881,975308293974,975308532116
805,PUT,large.txt,153613,1,0,975307432958,975307979633,975308583878
801,GET,large.txt,153613,1,0,975305235228,975305916615,975308584556
807,PUT,medium.txt,30774,1,0,975308243732,975308541459,975308855128
810,GET,small.txt,1044,1,0,975308712282,975308780432,975309000192
812,GET,small.txt,1044,1,0,975308798771,975308869378,975309006246
809,PUT,large.txt,153613,1,0,975308362014,975308601104,975309197992
808,PUT,small.txt,1044,1,0,975308271556,975308509735,975309289353
814,PUT,medium.txt,30774,1,0,975308984772,975309016820,975309728195
813,PUT,small.txt,1044,1,0,975308812469,975309010235,975309844273
817,PUT,small.txt,1044,1,0,975309187162,975309205755,975310064102
820,PUT,small.txt,1044,1,0,975309878934,975310092477,975310221753
821,GET,small.txt,1044,1,0,975310000428,975310231480,975310536405
815,GET,medium.txt,30774,1,0,975309039988,975309301702,975310699484
816,GET,medium.txt,30774,1,0,975309154256,975309760405,975310784491
811,PUT,large.txt,153613,1,0,975308768792,975310795083,975311526623
818,GET,medium.txt,30774,1,0,975309464544,975309865770,975313114291
819,GET,medium.txt,30774,1,0,975309794980,975310579833,975313153882
826,GET,small.txt,1044,1,0,975312188805,975313153178,975313368610
825,PUT,medium.txt,30774,1,0,975311689831,975313161890,975313425380
828,GET,small.txt,1044,1,0,975313229208,975313379847,975313569408
830,GET,small.txt,1044,1,0,975313538836,975313590542,975313794535
831,PUT,small.txt,1044,1,0,975313660296,975313811817,975314119437
829,GET,medium.txt,30774,1,0,975313366579,975313436729,975314720960
832,GET,medium.txt,30774,1,0,975314020878,975314143710,975315132808
822,GET,medium.txt,30774,1,0,975310280656,975310708192,975315732713
823,GET,large.txt,153613,1,0,975310690697,975311540112,975315983310
824,PUT,large.txt,153613,1,0,975311072175,975315138240,975316110846
835,PUT,large.txt,153613,1,0,975315390857,975316133699,975316825277
833,GET,medium.txt,30774,1,0,975314022528,975314727219,975316855622
838,PUT,medium.txt,30774,1,0,975316291892,975316839846,975317062281
837,PUT,large.txt,153613,1,0,975316270851,975317073766,975317661199
827,GET,large.txt,153613,1,0,975312211376,975315785718,975317749764
840,PUT,medium.txt,30774,1,0,975317300834,975317712994,975317898582
839,PUT,large.txt,153613,1,0,975317036997,975317758589,975318332011
842,PUT,small.txt,1044,1,0,975318044644,975318080224,975318500255
843,GET,medium.txt,30774,1,0,975318108629,975318511240,975319229000
841,GET,medium.txt,30774,1,0,975317920057,975318344629,975319395150
845,GET,small.txt,1044,1,0,975319584479,975319617523,975319968440
848,GET,small.txt,1044,1,0,975320220739,975320273691,975320649252
844,GET,medium.txt,30774,1,0,975318538189,975319233729,975320672183
850,GET,small.txt,1044,1,0,975320280788,975320659603,975320924810
834,GET,large.txt,153613,1,0,975314238983,975316072108,975321965292
852,PUT,medium.txt,30774,1,0,975321067650,975321976867,975322127133
836,GET,large.txt,153613,1,0,975315886438,975316865177,975322390080
849,PUT,large.txt,153613,1,0,975320261990,975322137471,975322630702
851,PUT,large.txt,153613,1,0,975320821067,975322434467,975323111087
847,GET,large.txt,153613,1,0,975320185443,975320937046,975323448301
855,PUT,small.txt,1044,1,0,975322815709,975323123567,975323612839
853,GET,large.txt,153613,1,0,975322080742,975322642351,975323798605
856,PUT,medium.txt,30774,1,0,975322856683,975323470521,975324215331
854,PUT,large.txt,153613,1,0,975322363022,975323629835,975324817214
857,PUT,medium.txt,30774,1,0,975323646462,975323866294,975325042550
846,GET,medium.txt,30774,1,0,975320162716,975320678899,975325178005
859,PUT,small.txt,1044,1,0,975324529068,975324877911,975325461191
861,GET,small.txt,1044,1,0,975324643344,975325056754,975325578165
858,PUT,small.txt,1044,1,0,975324508313,975324558859,975325626705
860,PUT,medium.txt,30774,1,0,975324583447,975325234748,975325752732
865,PUT,small.txt,1044,1,0,975325494745,975325639081,975325844711
864,GET,small.txt,1044,1,0,975325481399,975325617215,975325853801
862,PUT,large.txt,153613,1,0,975324933203,975325473608,975326269093
863,PUT,large.txt,153613,1,0,975325046105,975325764579,975326709700
869,PUT,small.txt,1044,1,0,975326013080,975326283253,975326805522
866,GET,large.txt,153613,1,0,975325681046,975325951451,975327013552
872,GET,small.txt,1044,1,0,975326765131,975326819114,975327022906
870,PUT,medium.txt,30774,1,0,975326021866,975326731690,975327079983
873,GET,small.txt,1044,1,0,975326945903,975327045080,975327270868
871,PUT,large.txt,153613,1,0,975326512704,975327097493,975327715473
867,PUT,large.txt,153613,1,0,975325753228,975327050559,975328160139
874,PUT,large.txt,153613,1,0,975327137727,975327289526,975328426973
879,PUT,small.txt,1044,1,0,975328274262,975328440923,975328666411
881,GET,small.txt,1044,1,0,975328581576,975328758618,975328884359
876,GET,medium.txt,30774,1,0,975327333311,975327740307,975328916086
882,PUT,medium.txt,30774,1,0,975328843254,975328922003,975329213849
883,PUT,medium.txt,30774,1,0,975329132536,975329225978,975329529296
880,GET,medium.txt,30774,1,0,975328334073,975328912730,975330046875
868,GET,medium.txt,30774,1,0,975325816442,975325855652,975330281074
885,PUT,small.txt,1044,1,0,975329606198,975330054110,975330414284
875,GET,large.txt,153613,1,0,975327226050,975329547149,975330561346
887,PUT,small.txt,1044,1,0,975330377217,975330424543,975330637380
889,PUT,small.txt,1044,1,0,975330602809,975330648820,975330769664
888,GET,small.txt,1044,1,0,975330440089,975330603838,975330959764
878,GET,medium.txt,30774,1,0,975327773656,975328186854,975331580455
877,PUT,large.txt,153613,1,0,975327448666,975330781329,975331712897
886,GET,medium.txt,30774,1,0,975330254279,975330334113,975331726180
884,PUT,large.txt,153613,1,0,975329567744,975331005691,975332538659
893,PUT,medium.txt,30774,1,0,975331566946,975331733030,975332757230
895,PUT,medium.txt,30774,1,0,975332449715,975332553925,975333060163
890,PUT,small.txt,1044,1,0,975331379625,975331617100,975333267883
896,PUT,medium.txt,30774,1,0,975332717818,975332771627,975333306052
891,PUT,large.txt,153613,1,0,975331492909,975333073061,975334546359
898,GET,medium.txt,30774,1,0,975333154994,975333282619,975334798485
892,GET,medium.txt,30774,1,0,975331530178,975331724457,975334828588
899,GET,small.txt,1044,1,0,975333779239,975334567745,975334963654
900,GET,small.txt,1044,1,0,975333789462,975334909676,975335043038
902,GET,small.txt,1044,1,0,975335078994,975335154508,975335274455
901,PUT,small.txt,1044,1,0,975333819831,975334975105,975335336169
903,PUT,small.txt,1044,1,0,975335088841,975335286263,975335554180
905,GET,medium.txt,30774,1,0,975335233453,975335347405,975336464087
909,GET,small.txt,1044,1,0,975336160908,975336471317,975336759373
906,PUT,large.txt,153613,1,0,975335258751,975336777215,975337580161
910,GET,small.txt,1044,1,0,975336872077,975337595665,975337764521
904,GET,large.txt,153613,1,0,975335184890,975335564139,975338269604
894,GET,large.txt,153613,1,0,975332374152,975333319130,975338374238
912,GET,small.txt,1044,1,0,975337836616,975338276339,975338550306
908,PUT,large.txt,153613,1,0,975335555500,975338401326,975339061280
897,GET,large.txt,153613,1,0,975332804321,975334979936,975340526916
914,GET,medium.txt,30774,1,0,975338707459,975339072637,975340597760
915,PUT,medium.txt,30774,1,0,975338720975,975340591271,975340762256
916,PUT,medium.txt,30774,1,0,975340201296,975340605697,975340961167
917,PUT,medium.txt,30774,1,0,975340221192,975340773311,975341177568
919,GET,medium.txt,30774,1,0,975340900553,975340974712,975341707441
907,GET,large.txt,153613,1,0,975335545178,975337776191,975343460919
911,GET,large.txt,153613,1,0,975336919823,975338558048,975344017549
920,PUT,large.txt,153613,1,0,975340923726,975343475427,975344267014
913,GET,large.txt,153613,1,0,975338488596,975341189890,975344289276
921,PUT,large.txt,153613,1,0,975341197376,975344069809,975344625569
918,GET,large.txt,153613,1,0,975340660807,975341729984,975344752700
922,PUT,large.txt,153613,1,0,975341326607,975344330119,975345131240
926,PUT,large.txt,153613,1,0,975344370148,975345143260,975345605008
925,GET,medium.txt,30774,1,0,975344216870,975344288023,975346399642
928,PUT,large.txt,153613,1,0,975345318476,975346410891,975347275464
929,GET,large.txt,153613,1,0,975345725093,975347301119,975348533991
933,PUT,small.txt,1044,1,0,975348223479,975348543653,975348924081
924,GET,large.txt,153613,1,0,975344157706,975344761184,975348953933
934,GET,small.txt,1044,1,0,975348834051,975348939296,975349185946
927,GET,large.txt,153613,1,0,975344422828,975345616855,975349487555
935,PUT,small.txt,1044,1,0,975349164443,975349225573,975349847211
923,GET,large.txt,153613,1,0,975343603589,975344635983,975349873659
932,PUT,medium.txt,30774,1,0,975348204287,975349574486,975350094928
936,PUT,large.txt,153613,1,0,975349445132,975350106737,975350779269
938,PUT,small.txt,1044,1,0,975350117390,975350792219,975350977178
940,GET,small.txt,1044,1,0,975350328325,975350989462,975351245307
937,GET,medium.txt,30774,1,0,975349791273,975350023225,975351555903
939,GET,medium.txt,30774,1,0,975350128962,975351340474,975352361370
931,GET,medium.txt,30774,1,0,975347415649,975348961522,975354087369
942,PUT,large.txt,153613,1,0,975351183764,975354135491,975354682517
930,GET,large.txt,153613,1,0,975346689651,975350083807,975355311180
945,PUT,large.txt,153613,1,0,975354268317,975355371552,975356096700
943,GET,medium.txt,30774,1,0,975351556650,975351564943,975356712631
948,GET,small.txt,1044,1,0,975356272438,975356730993,975357064252
946,GET,medium.txt,30774,1,0,975355484301,975356118687,975357085292
947,PUT,medium.txt,30774,1,0,975356261089,975357091088,975357359173
950,GET,small.txt,1044,1,0,975356295659,975357073859,975357392454
949,PUT,medium.txt,30774,1,0,975356272560,975357370682,975357610956
952,PUT,medium.txt,30774,1,0,975357192543,975357619973,975357900912
951,GET,medium.txt,30774,1,0,975356830393,975357403990,975358412218
941,GET,large.txt,153613,1,0,975350958793,975352368712,975358716307
954,PUT,large.txt,153613,1,0,975357573257,975358736842,975359234339
944,GET,large.txt,153613,1,0,975352181567,975354693395,975359714774
959,GET,small.txt,1044,1,0,975359370952,975359766404,975360112998
958,GET,medium.txt,30774,1,0,975358826141,975359245693,975360164266
960,GET,small.txt,1044,1,0,975359825883,975360120478,975360310234
957,GET,medium.txt,30774,1,0,975358053522,975358442201,975360576052
961,GET,small.txt,1044,1,0,975360166409,975360320266,975360654397
955,PUT,large.txt,153613,1,0,975357591320,975360171505,975360663886
962,GET,small.txt,1044,1,0,975360233815,975360582188,975360759381
964,GET,small.txt,1044,1,0,975360907350,975360945965,975361076603
963,PUT,large.txt,153613,1,0,975360394419,975360674830,975361184767
966,GET,small.txt,1044,1,0,975360968990,975361087602,975361390838
956,PUT,large.txt,153613,1,0,975357835637,975360664444,975361883681
969,PUT,small.txt,1044,1,0,975361315783,975361401848,975362186103
965,PUT,large.txt,153613,1,0,975360946904,975362197118,975362732133
973,GET,small.txt,1044,1,0,975362369951,975362745411,975363017540
967,GET,medium.txt,30774,1,0,975360998664,975361197888,975363030339
953,GET,large.txt,153613,1,0,975357299956,975357912330,975364191844
972,PUT,large.txt,153613,1,0,975362175840,975364254024,975364809855
974,GET,large.txt,153613,1,0,975362908551,975364822376,975365798303
978,PUT,small.txt,1044,1,0,975364955740,975365807063,975366246886
970,GET,medium.txt,30774,1,0,975361562010,975361896580,975367118804
980,GET,small.txt,1044,1,0,975366359204,975367144142,975367269620
981,GET,small.txt,1044,1,0,975367254232,975367279870,975367616631
971,GET,large.txt,153613,1,0,975362143704,975363036665,975367657395
979,GET,medium.txt,30774,1,0,975366156945,975366258370,975368218958
982,GET,small.txt,1044,1,0,975367754464,975368227467,975368517838
977,PUT,large.txt,153613,1,0,975364332645,975368527663,975368995613
968,GET,large.txt,153613,1,0,975361028828,975363030926,975369192323
985,PUT,small.txt,1044,1,0,975368640030,975369009533,975369228810
984,PUT,large.txt,153613,1,0,975367869599,975369249156,975369625438
988,GET,small.txt,1044,1,0,975369345876,975369634864,975369923353
976,GET,large.txt,153613,1,0,975364148238,975367717945,975370346464
987,PUT,large.txt,153613,1,0,975369211743,975370355114,975370978617
990,GET,small.txt,1044,1,0,975370575719,975370991460,975371198820
975,GET,large.txt,153613,1,0,975363193552,975367651084,975371465809
989,PUT,large.txt,153613,1,0,975370076946,975371207856,975371734024
986,GET,large.txt,153613,1,0,975368687584,975369933399,975372473096
996,GET,small.txt,1044,1,0,975372232431,975372482230,975372829817
993,PUT,medium.txt,30774,1,0,975371941071,975372845047,975373375395
997,PUT,small.txt,1044,1,0,975372959468,975373387739,975373520906
983,GET,large.txt,153613,1,0,975367818859,975369239821,975374723707
995,PUT,medium.txt,30774,1,0,975372220490,975374779311,975374974966
992,GET,large.txt,153613,1,0,975371405257,975371746488,975376441919
991,GET,large.txt,153613,1,0,975371161429,975371504927,975376505938
1000,GET,large.txt,153613,1,0,975374876579,975376551628,975377639126
1003,PUT,small.txt,1044,1,0,975376676568,975377659617,975378038985
994,GET,medium.txt,30774,1,0,975372195909,975373530771,975378735813
1001,GET,large.txt,153613,1,0,975375071577,975378050926,975379130107
998,GET,medium.txt,30774,1,0,975373047844,975375001210,975379220494
999,GET,medium.txt,30774,1,0,975373522558,975376451229,975382436253
1002,GET,large.txt,153613,1,0,975376152975,975378755947,975384204711
